node_id,x,y
154751519,-82.4527547,38.4075984
154751520,-82.45102,38.4079016
154751521,-82.4492772,38.4082037
154751522,-82.4475753,38.4084985
154751523,-82.4458714,38.4087943
154751524,-82.4441688,38.4090955
154751526,-82.4424602,38.4093913
154751528,-82.4408188,38.4096788
154751530,-82.4407008,38.4096995
154751532,-82.4391225,38.409973
154751534,-82.438994,38.409995
154751541,-82.4373507,38.4102818
154751543,-82.4355845,38.4105898
154751551,-82.4097531,38.415813
154751553,-82.4104039,38.4148913
154751561,-82.4287066,38.4113574
154751563,-82.426858,38.4116747
154751565,-82.425394,38.411928
154751568,-82.424521,38.4120767
154751570,-82.4182152,38.4139577
154751571,-82.4174722,38.4140859
154751572,-82.4169995,38.4141726
154751581,-82.4245291,38.4125375
154751583,-82.4234589,38.412724
154751585,-82.4233201,38.4127478
154751588,-82.4215451,38.4130608
154751650,-82.4553175,38.41138
154751652,-82.4568786,38.410986
154751653,-82.4583243,38.4106182
154751657,-82.4598445,38.4102396
154751658,-82.4614,38.4098524
154751660,-82.4611646,38.40927
154751662,-82.4633667,38.4087247
154752288,-82.4266501,38.4069474
154752289,-82.4255906,38.4067719
154752299,-82.4006256,38.4113302
154752304,-82.4013326,38.4113113
154752305,-82.4017679,38.4113024
154752429,-82.4575538,38.40401
154752440,-82.4581526,38.4029202
154752454,-82.4597747,38.4025523
154752462,-82.4601482,38.4021146
154752502,-82.4589077,38.3973166
154752509,-82.4558996,38.4057804
154752792,-82.4756312,38.3997788
154753594,-82.4543103,38.3925584
154753603,-82.4579221,38.3943598
154753899,-82.4036741,38.3929227
154753923,-82.4093068,38.3926432
154753947,-82.4021514,38.3952447
154753976,-82.4018005,38.3922778
154756017,-82.4858966,38.4102775
154756069,-82.3806616,38.4273748
154756347,-82.3902039,38.431168
154756459,-82.3825571,38.4269817
154756527,-82.4032667,38.4310287
154756691,-82.3869601,38.4118844
154756699,-82.3861152,38.4131885
154756931,-82.407208,38.4263979
154756933,-82.4065036,38.4265223
154756935,-82.4056187,38.4266785
154757626,-82.4300726,38.4164717
154757756,-82.3936362,38.4293702
154757758,-82.3941698,38.4296231
154758635,-82.4205844,38.4160123
154758823,-82.4507672,38.4209293
154758855,-82.4502689,38.4215468
154758862,-82.4483632,38.4212174
154759400,-82.4480061,38.4133502
154759463,-82.4492383,38.4144398
154759464,-82.4483438,38.4145887
154759465,-82.4475076,38.414667
154759579,-82.4678796,38.3911983
154759592,-82.4689364,38.3905187
154759654,-82.4316924,38.4222016
154759749,-82.4356693,38.4140929
154759799,-82.4835391,38.4126358
154759882,-82.4316922,38.4136157
154759925,-82.4309746,38.4152484
154759928,-82.4320997,38.4150511
154760081,-82.4738776,38.4151534
154760100,-82.4669242,38.4129923
154760239,-82.4589164,38.4145133
154760832,-82.441173,38.4239066
154761622,-82.3629141,38.4142046
154762303,-82.4128411,38.3954061
154762535,-82.4776161,38.4013542
154762622,-82.4024108,38.4311806
154762628,-82.4022385,38.4305575
154763184,-82.4531905,38.3931744
154763202,-82.454384,38.392654
154763217,-82.4529753,38.393824
154763259,-82.4357685,38.4112757
154763680,-82.4600972,38.4066064
154764539,-82.4088556,38.4323031
154765218,-82.450448,38.3961558
154765243,-82.4474815,38.3944157
154765439,-82.4792601,38.4015671
154765891,-82.3994364,38.4157015
154766757,-82.4517314,38.4207146
154767479,-82.4833567,38.4121041
154767493,-82.4847742,38.4132805
154767505,-82.48486,38.4117084
154768106,-82.4077385,38.3939422
154769084,-82.4510893,38.3954627
154769109,-82.4578066,38.3945092
154769651,-82.4815247,38.4114404
154770151,-82.4829148,38.4081801
154770162,-82.4821973,38.4083714
154770178,-82.4978265,38.4090902
154770182,-82.4969367,38.4094343
154770527,-82.4022139,38.4272704
154770970,-82.3922581,38.4226012
154770989,-82.3931234,38.4222961
154771485,-82.4134236,38.4253154
154771623,-82.4050741,38.4280647
154771635,-82.4144821,38.4264281
154772241,-82.4068807,38.3937164
154772276,-82.4138521,38.3936012
154772300,-82.4705852,38.4108885
154772605,-82.4526836,38.4138673
154772607,-82.4509506,38.4141503
154772883,-82.4050665,38.4061115
154774280,-82.4616422,38.4000688
154774381,-82.4224833,38.4007368
154774408,-82.4318581,38.4040089
154774410,-82.4318522,38.4039333
154774773,-82.4039914,38.4355555
154775311,-82.4539838,38.3915099
154776144,-82.4325076,38.425145
154777662,-82.4684537,38.388933
154777668,-82.4283944,38.414248
154777775,-82.4572042,38.4170629
154777777,-82.4554967,38.4173317
154777778,-82.4538564,38.4176223
154777782,-82.4536609,38.417655
154777784,-82.4520221,38.4179385
154777786,-82.4503153,38.4182375
154777788,-82.4486102,38.4185355
154777790,-82.4468997,38.4188316
154777792,-82.4452072,38.4191272
154777794,-82.4434943,38.4194219
154777796,-82.4417833,38.4197168
154777797,-82.440085,38.4200164
154777799,-82.4383157,38.4203262
154777800,-82.4366082,38.420625
154777803,-82.4349066,38.4209201
154777805,-82.4331995,38.4212164
154777807,-82.4314931,38.4215156
154777809,-82.4297287,38.4218193
154777811,-82.4276779,38.422177
154777813,-82.4259729,38.4224756
154777814,-82.4242171,38.4227795
154777816,-82.4225607,38.4230689
154777817,-82.4208547,38.4233636
154777819,-82.41915,38.4236627
154777822,-82.4156396,38.4242738
154777825,-82.413971,38.4245651
154777833,-82.4122627,38.4248606
154777835,-82.4088502,38.4254542
154777843,-82.4054438,38.4260487
154777845,-82.4020367,38.4266431
154777847,-82.3986235,38.427238
154777849,-82.3952117,38.4278255
154777851,-82.3937421,38.4280752
154777856,-82.3926222,38.428281
154777862,-82.3904856,38.4281598
154777864,-82.3890951,38.4279621
154777866,-82.3876729,38.4277478
154777870,-82.3862857,38.4275407
154777872,-82.3848917,38.4273363
154777874,-82.383156,38.4270764
154777885,-82.3822991,38.4269278
154777889,-82.3814381,38.4268143
154777895,-82.3805979,38.4268905
154777897,-82.3801044,38.4269729
154777908,-82.3784119,38.4272015
154777915,-82.3763701,38.4279689
154777918,-82.3757438,38.4282148
154777926,-82.3725358,38.4293846
154777933,-82.3617299,38.417067
154777946,-82.447615,38.4213508
154777948,-82.4458978,38.4216529
154777950,-82.4441875,38.4219331
154777952,-82.4424872,38.4222239
154777954,-82.4407965,38.4225197
154777959,-82.4372944,38.4231785
154777962,-82.4356162,38.42344
154777964,-82.4339134,38.4237367
154777966,-82.4322001,38.4240318
154777970,-82.4283738,38.424698
154777972,-82.4266776,38.424995
154777975,-82.424979,38.425293
154777978,-82.4232711,38.4255916
154777979,-82.4215536,38.4258884
154777980,-82.4198623,38.426182
154777983,-82.416365,38.4267944
154777985,-82.4153622,38.426967
154777986,-82.4129719,38.4273796
154777992,-82.4112653,38.4276764
154777995,-82.4095545,38.4279747
154777999,-82.4061534,38.4285681
154778002,-82.4027375,38.4291609
154778005,-82.4018885,38.4293079
154778009,-82.3993248,38.4297559
154778013,-82.3959202,38.4303466
154778015,-82.394439,38.4305953
154778020,-82.3942302,38.430628
154778032,-82.3926028,38.4304126
154778045,-82.4579173,38.419551
154778047,-82.4562096,38.4198438
154778049,-82.4545725,38.4201373
154778053,-82.4543627,38.4201746
154778055,-82.4527292,38.4204609
154778060,-82.3813288,38.4293606
154778067,-82.3804054,38.4296373
154778071,-82.3794499,38.4298049
154778074,-82.3784917,38.4299519
154778076,-82.3775308,38.4300958
154778078,-82.3765699,38.4302422
154778080,-82.3756064,38.4303879
154778082,-82.3746504,38.4305325
154778104,-82.4211393,38.402389
154778106,-82.4211494,38.4022579
154778188,-82.4166152,38.4000436
154778191,-82.4163678,38.3997357
154778215,-82.4157071,38.4013092
154778292,-82.4206889,38.4002995
154778358,-82.4042919,38.4139136
154778364,-82.4029514,38.4113874
154778770,-82.4182169,38.4044211
154778773,-82.4174058,38.4040006
154778783,-82.4159165,38.4038624
154778798,-82.4138063,38.4044415
154778988,-82.3858771,38.402145
154779000,-82.3867546,38.3995421
154779245,-82.4059186,38.4117573
154779262,-82.4107912,38.4156223
154779275,-82.4120231,38.4174994
154779277,-82.4123873,38.4188398
154779278,-82.4125604,38.4195216
154779280,-82.4127409,38.4201956
154779287,-82.4139579,38.430908
154779289,-82.4136724,38.4298767
154779291,-82.4133215,38.4286296
154779294,-82.4126088,38.42611
154779296,-82.4121197,38.424397
154779389,-82.3903444,38.4153006
154779433,-82.4623783,38.4004495
154779512,-82.4334535,38.4066449
154780335,-82.4066756,38.4271386
154780383,-82.4168842,38.4029864
154780385,-82.4170082,38.4021966
154780387,-82.4170391,38.4019934
154780391,-82.4136394,38.4056821
154780411,-82.416054,38.4047867
154780414,-82.41604,38.4046545
154780550,-82.4076217,38.4071486
154780559,-82.4074939,38.4004603
154780801,-82.3862225,38.4042244
154781954,-82.3961842,38.4269908
154781956,-82.395964,38.4262359
154781958,-82.3955693,38.4248654
154781960,-82.3953554,38.4240889
154782213,-82.3884762,38.4304786
154782215,-82.3870837,38.4302702
154782217,-82.3856934,38.4300722
154782225,-82.3822119,38.4300171
154782526,-82.394076,38.4315083
154782527,-82.3941357,38.4311086
154782532,-82.3996912,38.4336546
154782534,-82.3988376,38.433269
154782536,-82.3960494,38.4320935
154782543,-82.3942027,38.4315504
154782551,-82.3992708,38.4323451
154782563,-82.4253079,38.426477
154782565,-82.4251267,38.4258292
154782572,-82.4207349,38.4115099
154782574,-82.420608,38.4110873
154782580,-82.4206104,38.410408
154782583,-82.422387,38.4161782
154782584,-82.4221463,38.4153362
154782586,-82.4219084,38.4144913
154782588,-82.4216471,38.4135537
154782590,-82.4213943,38.4123699
154782601,-82.4212186,38.4114205
154782608,-82.4239903,38.4219859
154782610,-82.4238182,38.4213665
154782612,-82.4236413,38.4207412
154782614,-82.423467,38.4201101
154782615,-82.4233684,38.4197724
154782619,-82.4230355,38.4183961
154782621,-82.4228481,38.417729
154782623,-82.4226457,38.4170623
154782682,-82.4483572,38.3999469
154782737,-82.4494871,38.3993878
154782803,-82.4511661,38.400164
154782813,-82.4489819,38.4198941
154782815,-82.4482241,38.4171653
154782817,-82.4478494,38.4158288
154782819,-82.4476518,38.4150978
154782824,-82.3599875,38.4161709
154782838,-82.4473779,38.4141603
154782839,-82.447004,38.4128218
154782841,-82.446625,38.4114805
154782843,-82.446245,38.4101404
154782845,-82.445492,38.4074524
154782847,-82.4452116,38.4064734
154783115,-82.4034885,38.4073735
154783117,-82.40214,38.4071472
154783123,-82.4010571,38.4069763
154783154,-82.3977869,38.4072488
154783156,-82.3979585,38.406763
154783209,-82.3896571,38.4018283
154783211,-82.3896893,38.401324
154783213,-82.3897363,38.4006731
154783298,-82.4047948,38.4131964
154783323,-82.405977,38.4136246
154783407,-82.3952924,38.408612
154783409,-82.3948833,38.4083998
154783472,-82.3942463,38.4031955
154783480,-82.3972443,38.4098153
154783481,-82.3969379,38.4091611
154783520,-82.3828851,38.4259969
154783532,-82.3843557,38.4249247
154783537,-82.3851409,38.4231733
154783543,-82.3854829,38.4231155
154783547,-82.3999406,38.4014488
154783596,-82.3801171,38.4122139
154783600,-82.380154,38.4135059
154783602,-82.380176,38.4141328
154783618,-82.3893855,38.4049606
154783644,-82.3893251,38.4037715
154783652,-82.4581077,38.4057341
154783707,-82.4473353,38.4060241
154783745,-82.4420084,38.4065218
154783749,-82.441643,38.4065932
154785112,-82.410552,38.4315
154785113,-82.4071403,38.4320956
154785114,-82.4051515,38.432442
154785591,-82.4041217,38.4052672
154785593,-82.4040967,38.403115
154785597,-82.4040722,38.4014888
154785599,-82.4040015,38.3997036
154785630,-82.4270149,38.4077577
154785635,-82.4279891,38.4075832
154785649,-82.4280629,38.4199746
154785652,-82.4271272,38.4201342
154785660,-82.4202764,38.4213108
154785663,-82.418525,38.4216823
154785677,-82.3856264,38.4303651
154785679,-82.3858463,38.429403
154785681,-82.3865604,38.426375
154785684,-82.3868055,38.4253431
154785686,-82.3868293,38.4252536
154785689,-82.3872276,38.4236025
154785691,-82.387461,38.4226343
154785693,-82.3876633,38.4217944
154785696,-82.3879217,38.4207372
154785791,-82.3871351,38.4094028
154785792,-82.3866885,38.4098757
154785793,-82.3864874,38.4101983
154785794,-82.3862708,38.4096666
154785801,-82.4343427,38.3968527
154785817,-82.4060728,38.4030842
154785828,-82.4007889,38.4044514
154785834,-82.4007154,38.4053831
154785838,-82.4008358,38.4061823
154785857,-82.4007594,38.409045
154785871,-82.4003919,38.4105824
154785887,-82.4943262,38.4103906
154785889,-82.4938636,38.4093135
154785891,-82.4934249,38.408296
154785896,-82.4927511,38.408475
154785898,-82.4925358,38.4077585
154785900,-82.4925184,38.4076767
154785902,-82.4924734,38.4075108
154785904,-82.4922503,38.406829
154786019,-82.4092525,38.4209663
154786023,-82.4090779,38.4203683
154786025,-82.4089079,38.4197357
154786033,-82.4082917,38.4189027
154786048,-82.4070441,38.4176956
154786052,-82.40646,38.4173471
154786060,-82.4051106,38.4164612
154786064,-82.4039914,38.4159605
154786066,-82.4032927,38.4156579
154786067,-82.4028415,38.4154572
154786076,-82.4021709,38.4146922
154786084,-82.4015956,38.4138043
154786086,-82.4010819,38.4127325
154786094,-82.4002877,38.4102719
154786100,-82.3999293,38.4095831
154786102,-82.3995584,38.409128
154786113,-82.4018248,38.4348392
154786115,-82.402191,38.4338804
154786117,-82.4025542,38.4329252
154786118,-82.402767,38.4323572
154786119,-82.4029648,38.4317395
154786120,-82.4034441,38.4316543
154786122,-82.403092,38.4304099
154786124,-82.4023801,38.4278917
154786126,-82.4015842,38.4248365
154786129,-82.4852923,38.4127265
154786131,-82.4849943,38.4120194
154786139,-82.4840044,38.4097496
154786141,-82.4837466,38.4090902
154786143,-82.4833117,38.4080766
154786145,-82.4828779,38.407062
154786149,-82.4824378,38.4060452
154786155,-82.3978055,38.4028259
154786208,-82.4015587,38.3986458
154786214,-82.4012576,38.397735
154786227,-82.4011758,38.3970003
154786233,-82.4303477,38.4087417
154786240,-82.4300914,38.4063762
154786291,-82.3934155,38.4154357
154786295,-82.3991335,38.4141828
154786385,-82.4102658,38.3987834
154786391,-82.4098514,38.3986069
154786393,-82.4094826,38.3984639
154786395,-82.4091554,38.3982926
154786408,-82.407073,38.3970653
154786412,-82.4069995,38.3968143
154786449,-82.4060152,38.400195
154786462,-82.4083876,38.4004882
154786466,-82.4087195,38.4003757
154786477,-82.4686729,38.3987587
154786502,-82.4647139,38.3997825
154786520,-82.4604989,38.3981365
154786546,-82.4063196,38.3989642
154786722,-82.4158515,38.4020332
154786735,-82.4133609,38.4016003
154786739,-82.4117243,38.4013558
154786743,-82.4115055,38.4108656
154786745,-82.4105366,38.4103241
154787034,-82.4538884,38.4116231
154787035,-82.4521476,38.4119238
154787037,-82.4504064,38.4122297
154787039,-82.4487059,38.4125239
154787042,-82.4453001,38.4131171
154787044,-82.4435921,38.4134148
154787046,-82.4418938,38.4137142
154787048,-82.4401863,38.4140091
154787050,-82.4384837,38.4143074
154787052,-82.4374774,38.4144838
154787054,-82.4367108,38.4146147
154787058,-82.4350062,38.4149121
154787060,-82.4333254,38.4151992
154787069,-82.4332383,38.4152491
154787071,-82.432132,38.4154691
154787083,-82.429892,38.4158183
154787086,-82.4282612,38.4160887
154787088,-82.4260888,38.4164655
154787090,-82.4243639,38.4167627
154787094,-82.4209607,38.4173547
154787097,-82.4192544,38.4176517
154787099,-82.4175477,38.4179485
154787101,-82.4158094,38.4182539
154787103,-82.4140722,38.418555
154787105,-82.410712,38.4191259
154787115,-82.3896249,38.4220769
154787119,-82.38947,38.4220669
154787121,-82.3887531,38.4219525
154787123,-82.3865537,38.4216314
154787126,-82.4099106,38.4196116
154787130,-82.4107224,38.4188995
154787132,-82.4097461,38.4189626
154787153,-82.3832551,38.4280069
154787155,-82.3834071,38.4292437
154787176,-82.4363261,38.4046803
154787262,-82.4102075,38.3993563
154787403,-82.4043022,38.4066247
154787703,-82.383587,38.4026853
154787736,-82.3827677,38.4030583
154787901,-82.3838364,38.4012123
154788446,-82.4223834,38.3988833
154788447,-82.4224833,38.3988112
154788801,-82.4136038,38.4259337
154788823,-82.4097243,38.4008048
154788933,-82.4641999,38.4077173
154788942,-82.4635456,38.4062605
154788950,-82.4679644,38.4176458
154788953,-82.4675917,38.4172596
154788955,-82.467243,38.4162179
154788957,-82.4668929,38.4151735
154788963,-82.4664024,38.4137024
154788965,-82.4659666,38.4126857
154788967,-82.46553,38.4116722
154788969,-82.4650875,38.4106733
154788982,-82.4770264,38.4055631
154788986,-82.4767766,38.4051361
154789468,-82.4167339,38.4280403
154789470,-82.4099091,38.4292249
154789472,-82.4064987,38.4298146
154789474,-82.401064,38.4307648
154789476,-82.3996877,38.4310124
154789505,-82.3754065,38.412372
154789506,-82.3754427,38.4136099
154789509,-82.3754545,38.4142389
154789792,-82.4097602,38.4166509
154789802,-82.4102457,38.4164607
154789805,-82.4056229,38.4177458
154789816,-82.4043857,38.4172141
154789847,-82.3976775,38.4148441
154789852,-82.3992929,38.4145829
154789921,-82.365023,38.417482
154789923,-82.3648956,38.4166309
154789925,-82.3647615,38.4157315
154789927,-82.3644773,38.4137738
154789951,-82.4525237,38.4132657
154789953,-82.4517716,38.4105819
154789956,-82.4513921,38.4092426
154789958,-82.4507069,38.4068294
154789964,-82.4542316,38.4189874
154789966,-82.4534736,38.4162502
154789968,-82.4532858,38.4155786
154789972,-82.4540394,38.4190203
154789973,-82.4532753,38.4162832
154789975,-82.4530799,38.4156222
154790001,-82.4242511,38.4088257
154790003,-82.4230278,38.4086722
154790005,-82.420804,38.4084942
154790010,-82.4190306,38.4083362
154790012,-82.4185056,38.408291
154790464,-82.4901098,38.4081339
154790466,-82.4898288,38.4074755
154790468,-82.4893978,38.4064553
154790470,-82.4891368,38.4059627
154790482,-82.4905512,38.4101962
154790483,-82.4901102,38.409171
154790487,-82.4884052,38.405594
154790577,-82.4203972,38.4153441
154790579,-82.4186954,38.4156423
154790581,-82.4169851,38.4159421
154790589,-82.4628756,38.413507
154790590,-82.4645057,38.4130741
154790591,-82.4676376,38.4122443
154790594,-82.4700664,38.4115961
154790597,-82.4721211,38.4110517
154790599,-82.4742349,38.4104893
154790601,-82.4756401,38.4101135
154790603,-82.4771632,38.4097096
154790605,-82.4786774,38.4092978
154790607,-82.4801843,38.4089108
154790612,-82.4817886,38.4084808
154790618,-82.4848345,38.407675
154790620,-82.486352,38.4072695
154790621,-82.4878742,38.4068644
154790622,-82.4909125,38.4060494
154790625,-82.4938481,38.4050542
154791033,-82.4533662,38.406609
154791052,-82.4565956,38.4062381
154791064,-82.4582733,38.4061897
154791079,-82.3807222,38.4024794
154791117,-82.435498,38.4102924
154791118,-82.4342472,38.4105114
154791119,-82.4337629,38.410596
154791120,-82.4335288,38.410636
154791122,-82.4314787,38.410997
154791174,-82.4222707,38.4284349
154791177,-82.4218868,38.4271015
154791179,-82.4218059,38.4268039
154791183,-82.4210415,38.4240116
154791187,-82.4204827,38.4220854
154791188,-82.4204568,38.4219471
154791190,-82.4200973,38.4206517
154791202,-82.4196293,38.4189919
154791209,-82.4188792,38.4163135
154791211,-82.4185015,38.4149707
154791213,-82.4183165,38.4143034
154791216,-82.4181882,38.4131604
154791790,-82.3935241,38.3995785
154791800,-82.3947425,38.3987524
154791825,-82.4071969,38.4144703
154791827,-82.4065141,38.4134964
154791870,-82.4187972,38.4224057
154791907,-82.39043,38.4269841
154791908,-82.389377,38.4267894
154791909,-82.3879566,38.4265803
154791917,-82.4568182,38.4156836
154791919,-82.4551055,38.4159679
154791922,-82.4524153,38.4164344
154791924,-82.4516343,38.4165707
154791926,-82.4499287,38.4168687
154791928,-82.4465235,38.4174628
154791930,-82.4448166,38.4177567
154791932,-82.4431121,38.4180558
154791934,-82.4414081,38.4183552
154791937,-82.4397037,38.4186514
154791939,-82.4379314,38.4189578
154791941,-82.4362302,38.4192552
154791943,-82.434523,38.4195539
154791945,-82.4328161,38.4198483
154791947,-82.4311063,38.4201415
154791949,-82.4293408,38.4204515
154791953,-82.4273035,38.420808
154791955,-82.4255819,38.4210792
154791958,-82.4221651,38.4216525
154791967,-82.3982316,38.425844
154791969,-82.39708,38.4260405
154791971,-82.3948132,38.4264312
154791973,-82.3933579,38.426692
154791979,-82.4077043,38.4341008
154791981,-82.4057161,38.434449
154791985,-82.4044336,38.4346431
154792010,-82.3849303,38.4214864
154793031,-82.4692912,38.4168894
154793032,-82.4689405,38.4158444
154793033,-82.4685902,38.4147988
154793034,-82.4683913,38.4141957
154793038,-82.4680876,38.4132731
154793041,-82.4667759,38.4102268
154793046,-82.4229346,38.40785
154793047,-82.4214332,38.407744
154793136,-82.4371008,38.4131372
154793163,-82.4283674,38.397426
154793169,-82.4317566,38.4034766
154793186,-82.4317067,38.4017893
154793322,-82.428816,38.3966099
154793398,-82.445807,38.4149407
154793405,-82.4480178,38.4227482
154793409,-82.4472899,38.4201921
154793411,-82.4461441,38.4161239
154793413,-82.4459514,38.4154303
154793418,-82.3586413,38.4180389
154793419,-82.3585729,38.417563
154793420,-82.3585183,38.4172046
154793421,-82.3584723,38.4168779
154793423,-82.3583869,38.41632
154793429,-82.3582131,38.4150876
154793435,-82.4456752,38.4144585
154793437,-82.4449247,38.4117819
154793439,-82.4445464,38.410439
154793440,-82.4437881,38.4077534
154793441,-82.4434977,38.4067015
154793452,-82.4575847,38.4184015
154793455,-82.4598528,38.4179023
154793457,-82.4613462,38.4175385
154793461,-82.4658653,38.4165211
154793462,-82.4716019,38.4152071
154793463,-82.4722336,38.4150412
154793464,-82.473669,38.414665
154793465,-82.4747163,38.4143942
154793466,-82.4757781,38.414115
154793468,-82.4771962,38.4137441
154793469,-82.4787151,38.413344
154793473,-82.4802465,38.4129352
154793478,-82.4818597,38.412502
154793484,-82.4874469,38.4110186
154793486,-82.4879104,38.4108961
154793489,-82.4899415,38.4103575
154793491,-82.4917258,38.4098799
154793493,-82.4927015,38.4096225
154793495,-82.4953502,38.4089136
154793588,-82.4133463,38.3991912
154793591,-82.4128662,38.3992529
154793647,-82.4268251,38.4255279
154793649,-82.4234223,38.426125
154793654,-82.4374441,38.4237159
154793658,-82.4340731,38.4242907
154793748,-82.4324577,38.3936048
154793834,-82.4356589,38.3889919
154794065,-82.4267004,38.4018482
154794067,-82.4275768,38.4012817
154794086,-82.3906213,38.4028524
154794291,-82.4510562,38.4036984
154794347,-82.4521471,38.4002512
154794632,-82.4516207,38.4038934
154794637,-82.4361249,38.3997197
154794660,-82.437232,38.3979347
154794668,-82.4371288,38.3975511
154794712,-82.4564424,38.4143465
154794714,-82.4579217,38.4140744
154794716,-82.4586609,38.4138877
154794718,-82.4588782,38.4138317
154794720,-82.4597437,38.4136141
154794722,-82.4604734,38.4134318
154794724,-82.4612328,38.4132401
154794726,-82.4613412,38.4132148
154794728,-82.4626265,38.4128943
154795056,-82.491803,38.4087236
154795061,-82.4915561,38.4081087
154795091,-82.4223825,38.409024
154795093,-82.4219999,38.4089932
154795095,-82.4207524,38.4088878
154795097,-82.4191251,38.4087466
154795219,-82.4542222,38.4087555
154795221,-82.4557929,38.4083751
154795223,-82.4572893,38.4080029
154795225,-82.4587977,38.4076304
154795228,-82.4603611,38.4072423
154795229,-82.4614759,38.4069679
154795231,-82.4625716,38.4066978
154795269,-82.4143172,38.4258122
154795644,-82.4663669,38.401258
154795652,-82.4684026,38.400947
154795882,-82.3844643,38.4292002
154795887,-82.3847325,38.4280257
154796013,-82.3951898,38.4009943
154796049,-82.3942161,38.4006769
154796128,-82.399615,38.4307775
154796130,-82.3989725,38.4284823
154796132,-82.3984421,38.4265976
154796140,-82.3974354,38.4230093
154797069,-82.3812691,38.4259938
154797126,-82.3796153,38.4256412
154797132,-82.4885907,38.4085393
154797134,-82.4883094,38.4078775
154797137,-82.4874371,38.4058519
154797145,-82.4901321,38.4108765
154797185,-82.4380763,38.396304
154798024,-82.4061184,38.4067996
154798026,-82.4060329,38.4008771
154798030,-82.4060035,38.3996559
154798050,-82.4807026,38.4139945
154798052,-82.4797984,38.4119107
154798054,-82.4795156,38.4112487
154798056,-82.4793959,38.4109765
154798058,-82.4791145,38.4103198
154798060,-82.4782441,38.4082915
154798062,-82.4778096,38.4072792
154798065,-82.4773736,38.4062648
154798256,-82.4044837,38.4355991
154798261,-82.4026177,38.4004126
154798263,-82.4025253,38.3991747
154798265,-82.4024458,38.3983919
154798269,-82.4021625,38.4047684
154798271,-82.4020804,38.4027951
154798273,-82.4019905,38.4009422
154798536,-82.3566069,38.4152202
154798537,-82.3565036,38.414563
154798748,-82.4619587,38.3922762
154798761,-82.4630094,38.3930083
154798786,-82.4639039,38.3960421
154798806,-82.3870211,38.4305255
154798807,-82.387237,38.4296105
154798812,-82.3880987,38.4259643
154798821,-82.3885973,38.4243626
154798830,-82.3883743,38.4237811
154798832,-82.3885734,38.4227971
154798834,-82.3889342,38.4211186
154798878,-82.3567933,38.4164675
154798880,-82.3615737,38.4160246
154798882,-82.3631702,38.4158796
154798886,-82.3663547,38.4155849
154798888,-82.3679518,38.4154377
154798890,-82.3692528,38.4153174
154798891,-82.3702001,38.4152288
154798906,-82.3707079,38.4145556
154798908,-82.3722891,38.4144123
154798910,-82.373836,38.4142751
154798912,-82.3770344,38.4142051
154798914,-82.3785909,38.4141684
154798922,-82.4228376,38.4069218
154798926,-82.4205621,38.4069737
154798934,-82.4181156,38.4070387
154798939,-82.4246652,38.4066973
154798940,-82.4236742,38.4068528
154798941,-82.4228353,38.4069052
154799702,-82.4117998,38.4027075
154799716,-82.411639,38.3998483
154799720,-82.4120884,38.406278
154800198,-82.3986371,38.4134313
154800210,-82.398387,38.4111414
154800211,-82.3983273,38.4107538
154800212,-82.3982079,38.4103497
154800213,-82.3979022,38.4095993
154800319,-82.3589175,38.4171973
154800326,-82.4059937,38.4354263
154800380,-82.4617386,38.4145033
154800386,-82.4602984,38.4113753
154800387,-82.4593098,38.4089104
154800388,-82.4584228,38.40669
154800393,-82.460864,38.412022
154800398,-82.4688097,38.4007578
154800424,-82.472129,38.3997898
154800441,-82.3755124,38.4295468
154800449,-82.3757268,38.4312415
154800454,-82.3704477,38.4126873
154800457,-82.3706268,38.4139451
154800639,-82.4878872,38.4120447
154800659,-82.4352917,38.4222868
154800661,-82.4341496,38.4182112
154800663,-82.4340032,38.4177014
154800676,-82.432663,38.4139081
154800678,-82.432107,38.4125126
154800680,-82.431873,38.4119354
154800685,-82.4313479,38.4102603
154800688,-82.431274,38.4094259
154800698,-82.4337311,38.416539
154800699,-82.4335036,38.4157199
154800846,-82.4814209,38.41147
154800856,-82.4806087,38.4099229
154800857,-82.4797445,38.4078951
154800945,-82.3895451,38.4211943
154801211,-82.3845193,38.4187939
154801281,-82.4636422,38.4110657
154801283,-82.4691973,38.4095613
154801285,-82.4712448,38.4090212
154801287,-82.4733674,38.4084585
154801289,-82.4747696,38.4080873
154801291,-82.4762911,38.4076806
154801298,-82.4809074,38.4064482
154801308,-82.4857673,38.4051582
154801310,-82.4854863,38.4052638
154801312,-82.4839657,38.4056449
154801314,-82.4821162,38.4061294
154801393,-82.416606,38.4019731
154801397,-82.4166039,38.4018419
154801451,-82.4428909,38.4236119
154801459,-82.4446028,38.4234233
154801461,-82.4460938,38.4231716
154801466,-82.4495326,38.4221375
154801480,-82.4382793,38.423408
154801516,-82.4101786,38.4101379
154801521,-82.408685,38.4093043
154801527,-82.4060507,38.4075895
154801746,-82.4396441,38.4016166
154801816,-82.4455322,38.4017294
154801950,-82.3981871,38.4135715
154802031,-82.4014154,38.3979008
154802050,-82.4032444,38.3961763
154802056,-82.4045265,38.395787
154802098,-82.4650747,38.418693
154802100,-82.4649668,38.4184156
154802102,-82.4647783,38.4179454
154802104,-82.4638796,38.4158342
154802108,-82.4634267,38.4148736
154802110,-82.4632877,38.4145257
154802112,-82.4631317,38.4141527
154802116,-82.4624576,38.4124908
154802122,-82.4619366,38.41132
154802124,-82.4618494,38.4109902
154802126,-82.4608773,38.4085441
154802130,-82.4036867,38.4345074
154802138,-82.4290654,38.4067414
154802163,-82.411652,38.4152257
154802638,-82.3966924,38.431283
154802641,-82.3962089,38.431367
154802887,-82.4006273,38.4031136
154802889,-82.4000318,38.4030211
154802891,-82.3993023,38.4029391
154802897,-82.4218985,38.4097382
154802901,-82.4222478,38.4112366
154802903,-82.422201,38.4107883
154802905,-82.4221485,38.4103218
154802907,-82.4221324,38.410152
154802909,-82.4221057,38.4097568
154802914,-82.3785426,38.4122496
154802916,-82.3785849,38.4135426
154803698,-82.4727908,38.4008702
154804102,-82.3940934,38.4293394
154804111,-82.392971,38.4253201
154804117,-82.3918965,38.4211774
154804154,-82.4289614,38.4056242
154804166,-82.4288361,38.4056251
154804670,-82.430611,38.4056217
154804672,-82.4297913,38.4056238
154804674,-82.4296626,38.4056238
154804675,-82.4291687,38.4056243
154804677,-82.428193,38.4056298
154804682,-82.3857471,38.4251863
154804688,-82.4547335,38.4146253
154804694,-82.4520416,38.4150955
154804696,-82.4512579,38.4152326
154804698,-82.4495536,38.4155338
154804700,-82.4444423,38.4164217
154804702,-82.4427367,38.4167169
154804704,-82.440972,38.4170288
154804706,-82.4393269,38.4173086
154804707,-82.4375559,38.4176172
154804708,-82.435853,38.4179174
154804711,-82.4324419,38.4185083
154804713,-82.4307339,38.4188183
154804716,-82.4289748,38.4191534
154804718,-82.4278883,38.4193428
154804720,-82.4269548,38.4195029
154804722,-82.4218098,38.4203805
154804724,-82.4183996,38.4209448
154804736,-82.3944293,38.4250662
154804786,-82.3857095,38.407788
154805263,-82.42112,38.4000983
154805293,-82.3825412,38.4268138
154805295,-82.3824526,38.4261492
154805304,-82.3820369,38.4257994
154805426,-82.4510139,38.4012076
154805465,-82.4015223,38.4118039
154805677,-82.399496,38.398718
154805722,-82.4691664,38.410655
154805848,-82.483772,38.4052466
154805924,-82.3842819,38.399681
154805929,-82.387927,38.4016291
154805939,-82.3869876,38.4030048
154806007,-82.3995276,38.4121277
154806011,-82.3993928,38.4104894
154806101,-82.4562536,38.4023816
154806546,-82.4139491,38.4042796
154806548,-82.4100496,38.4044183
154806552,-82.3945568,38.4007573
154806595,-82.3919114,38.400608
154806652,-82.4558794,38.4187009
154806656,-82.4545337,38.4139525
154806676,-82.3666102,38.4172887
154806678,-82.3660389,38.4134591
154806681,-82.4542614,38.4129621
154806683,-82.4535064,38.4102803
154806685,-82.4531309,38.408942
154806687,-82.4524717,38.4065386
154806753,-82.4004677,38.4015182
154806957,-82.4266433,38.4182699
154806959,-82.426442,38.4178053
154806961,-82.4262568,38.4171365
154806964,-82.4258651,38.4155736
154806966,-82.4256225,38.4147304
154806968,-82.4253919,38.4138849
154806972,-82.4245376,38.4130406
154806973,-82.424615,38.4128145
154806974,-82.4245009,38.4118634
154806977,-82.4244674,38.4113453
154806982,-82.4243662,38.4101006
154806995,-82.427797,38.4227179
154806999,-82.4558526,38.4126836
154807000,-82.4574242,38.4122903
154807002,-82.458974,38.4117105
154807013,-82.4762121,38.4151369
154807015,-82.4753467,38.4130885
154807017,-82.4750643,38.4124304
154807019,-82.4749471,38.4121556
154807021,-82.474669,38.4115035
154807023,-82.4737946,38.4094707
154807024,-82.4729137,38.4073705
154807030,-82.461089,38.4002086
154807033,-82.4618588,38.399639
154807035,-82.407359,38.432868
154807213,-82.4335665,38.4081131
154807227,-82.4037333,38.4085526
154807232,-82.4046786,38.4090584
154807234,-82.4048491,38.4091322
154807236,-82.4056651,38.4094885
154807238,-82.4064665,38.4098268
154807260,-82.456892,38.4069965
154807841,-82.4596791,38.4158281
154807848,-82.4597225,38.4159382
154807850,-82.460598,38.4157218
154807858,-82.4593861,38.4150852
154807863,-82.4219916,38.4210315
154807938,-82.4156741,38.4120488
154808387,-82.4588485,38.4097584
154808390,-82.4585858,38.4090907
154808418,-82.4226725,38.4054089
154808420,-82.4226006,38.4046942
154808422,-82.4225651,38.4041971
154808450,-82.4540281,38.4033532
154809001,-82.384361,38.4013227
154809062,-82.4659444,38.4042969
154809065,-82.4306938,38.4142545
154809066,-82.430509,38.4135853
154809149,-82.38177,38.4007142
154809310,-82.4780922,38.4157929
154809318,-82.4767566,38.4127208
154809320,-82.4764734,38.4120573
154809322,-82.4763548,38.4117806
154809324,-82.4760768,38.4111323
154809326,-82.4752034,38.4091005
154809328,-82.4743354,38.4070681
154809782,-82.4261215,38.423013
154809909,-82.4201204,38.4270947
154810304,-82.4975281,38.4083446
154810306,-82.4985655,38.4080482
154810309,-82.5002626,38.4075291
154810313,-82.4677945,38.4030579
154810388,-82.4749453,38.4033973
154810731,-82.4966028,38.4088937
154810745,-82.4278445,38.4122504
154810748,-82.427056,38.4123875
154810751,-82.4255916,38.4126446
154810755,-82.4234581,38.4132391
154810757,-82.419926,38.4138533
154810762,-82.4340344,38.4115729
154810765,-82.4329412,38.4117695
154810767,-82.4300223,38.4122391
154810769,-82.4289237,38.4124349
154810774,-82.3877057,38.4069716
154810775,-82.3864817,38.4081862
154810819,-82.385798,38.407714
154811293,-82.4441334,38.406278
154812686,-82.414451,38.4198958
154812687,-82.4142604,38.4192254
154812689,-82.4136992,38.4172185
154812690,-82.4177076,38.4314794
154812691,-82.4175312,38.4308754
154812692,-82.4170853,38.4292843
154812693,-82.415991,38.4255236
154812698,-82.4703682,38.4103825
154812712,-82.486825,38.4123196
154812713,-82.488408,38.4119097
154812717,-82.4599651,38.419116
154812718,-82.4618075,38.4186642
154812719,-82.4662254,38.4175955
154812722,-82.4231186,38.4250613
154812744,-82.3879953,38.4013781
154812817,-82.397292,38.4267969
154812820,-82.3976413,38.4134302
154812846,-82.4459848,38.400114
154812899,-82.4549212,38.3977061
154812901,-82.4855514,38.4093445
154812902,-82.4852691,38.4086857
154812903,-82.484396,38.4066589
154812905,-82.4053626,38.4066624
154812912,-82.4028823,38.4091406
154813008,-82.4425092,38.3956159
154813009,-82.442624,38.3960412
154813010,-82.4431266,38.3962751
154813011,-82.438623,38.396203
154813285,-82.4594476,38.4169125
154813286,-82.4609307,38.41654
154813287,-82.465499,38.4154786
154813290,-82.4711647,38.4141778
154813291,-82.4732257,38.4136453
154813292,-82.4742853,38.4133672
154813293,-82.4782816,38.4123137
154813298,-82.4874724,38.4098742
154813299,-82.4912798,38.4088587
154813300,-82.4949103,38.4078922
154813301,-82.4950105,38.4078632
154813302,-82.4959999,38.4075816
154813303,-82.49705,38.4072811
154813305,-82.4977347,38.4070845
154813306,-82.4980524,38.406994
154813307,-82.4980707,38.4069887
154813308,-82.498326,38.4069164
154813376,-82.3942423,38.4149686
154813418,-82.3953963,38.4029917
154813438,-82.3930554,38.400576
154813484,-82.4456763,38.3951946
154813498,-82.449538,38.3973004
154813655,-82.4323616,38.4245819
154813659,-82.4270131,38.4261799
154813667,-82.4528862,38.4210097
154813711,-82.3853474,38.4096298
154813719,-82.3863257,38.4093366
154813827,-82.4278602,38.4143393
154813828,-82.4276277,38.4134968
154813854,-82.4609324,38.3933928
154813864,-82.3658236,38.4165448
154813870,-82.4881874,38.4113955
154813872,-82.4870709,38.4089347
154813874,-82.4867886,38.4082847
154813876,-82.4859182,38.4062543
154813897,-82.4247384,38.4181021
154813898,-82.4245504,38.4174335
154813905,-82.4237232,38.4141776
154813910,-82.4257459,38.421683
154813916,-82.4233831,38.4120405
154813918,-82.4232819,38.4110569
154813920,-82.4231894,38.4101763
154813927,-82.4230992,38.4093304
154813928,-82.4227338,38.4059645
154813937,-82.3785782,38.430701
154813941,-82.378312,38.4285594
154813954,-82.4388575,38.4156453
154813956,-82.4381037,38.4129669
154813958,-82.4377246,38.4116257
154813974,-82.4404714,38.4213808
154813975,-82.4391341,38.4166386
154814142,-82.4570341,38.3827014
154814144,-82.4570603,38.3839182
154814158,-82.4568652,38.3872706
154814172,-82.4541708,38.3908513
154814193,-82.4501087,38.3965216
154814209,-82.4483699,38.3996673
154814217,-82.4480937,38.403247
154814224,-82.4477,38.4049149
154814232,-82.447057,38.406464
154814236,-82.4471958,38.4071592
154814238,-82.4479562,38.4098384
154814240,-82.4483285,38.4111781
154814242,-82.4490821,38.4138664
154814259,-82.4506983,38.4196032
154814261,-82.4493699,38.4148826
154814268,-82.3613785,38.4147632
154815406,-82.4683913,38.3985654
154815596,-82.4100915,38.4053752
154815607,-82.4129286,38.4052134
154816111,-82.4090749,38.3987425
154816132,-82.4340845,38.398044
154816149,-82.430951,38.3993116
154816215,-82.4324544,38.4079636
154816229,-82.4325395,38.4071171
154816610,-82.4178912,38.41275
154816678,-82.4112107,38.40957
154816681,-82.4102779,38.4091217
154816684,-82.4093257,38.4085805
154816687,-82.408841,38.4080867
154816693,-82.4066928,38.4069304
154816832,-82.3809399,38.4024262
154816848,-82.383661,38.4026489
154816860,-82.3853589,38.4022041
154816864,-82.3860806,38.4021417
154816917,-82.391359,38.4025573
154816930,-82.3936039,38.4033448
154816976,-82.400068,38.4041716
154816986,-82.4031533,38.4049563
154817064,-82.4856466,38.4015728
154817384,-82.3940311,38.4114157
154817388,-82.3956605,38.4126064
154817389,-82.3962995,38.4132631
154817400,-82.3973014,38.4144302
154817425,-82.4036863,38.3955277
154817507,-82.3910435,38.404119
154817509,-82.3900312,38.404051
154817563,-82.40056,38.416214
154817570,-82.400975,38.4148465
154817658,-82.4039888,38.4174773
154817773,-82.4101772,38.4206819
154817775,-82.4100466,38.420168
154817806,-82.4075219,38.4334345
154817808,-82.4074233,38.4331004
154817811,-82.4068497,38.4310623
154817813,-82.4057937,38.4272964
154818259,-82.3945541,38.4187333
154818358,-82.4973196,38.406176
154818579,-82.4206472,38.4096338
154818587,-82.420512,38.406019
154818931,-82.428368,38.3985181
154819150,-82.4025089,38.417688
154819249,-82.3883929,38.4308119
154819250,-82.3886392,38.4298232
154819259,-82.3897559,38.4252446
154819265,-82.3897405,38.4245206
154819321,-82.4795677,38.4153713
154819327,-82.4791542,38.4144001
154819329,-82.4747266,38.401555
154819338,-82.4740849,38.4016222
154819353,-82.4728927,38.4002843
154820221,-82.4258709,38.4011298
154820240,-82.4246941,38.3997803
154820567,-82.4360501,38.4122711
154820569,-82.4343172,38.4125696
154820571,-82.4332242,38.4127577
154820732,-82.384249,38.4216272
154820822,-82.4087102,38.4034286
154820824,-82.4099964,38.4033972
154820849,-82.4120843,38.4028414
154820860,-82.4124116,38.4029194
154820877,-82.4147726,38.4025224
154820928,-82.4101491,38.4063799
154821825,-82.3926149,38.3877012
154822308,-82.454769,38.4100591
154822310,-82.4563315,38.4096755
154822312,-82.4578073,38.4092967
154822314,-82.4600751,38.4087203
154822317,-82.4601428,38.4087035
154822319,-82.4620007,38.4082736
154822321,-82.4630845,38.4080062
154822551,-82.4829188,38.4021845
154822569,-82.4867785,38.4012912
154822584,-82.4879962,38.4006942
154824745,-82.4933044,38.4072928
154824746,-82.4930052,38.4065869
154825054,-82.3588641,38.4168413
154825092,-82.3930085,38.4098773
154825095,-82.3925238,38.4102487
154825207,-82.4805606,38.4054861
154825216,-82.482224,38.4094912
154825217,-82.4813527,38.4074606
154825260,-82.4602515,38.414873
154825483,-82.43188,38.4228758
154825487,-82.430267,38.4171419
154825492,-82.4295005,38.414464
154825494,-82.4293893,38.4140775
154825545,-82.4539342,38.4080475
154825561,-82.3682215,38.4172724
154825563,-82.3675986,38.4130666
154825615,-82.3920476,38.4142073
154825748,-82.4102631,38.4304682
154825750,-82.4048641,38.4314096
154825752,-82.4025961,38.4318028
154825811,-82.4058541,38.3971813
154825826,-82.3878861,38.409127
154825828,-82.3872142,38.4086908
154826449,-82.4429921,38.403359
154826546,-82.4476075,38.4004645
154826570,-82.4417972,38.4070372
154826639,-82.438836,38.405396
154826699,-82.4370658,38.4048392
154827023,-82.4380638,38.4037962
154827132,-82.4360003,38.3998205
154828154,-82.4073675,38.4114297
154828156,-82.4075309,38.4107182
154828158,-82.4076082,38.41039
154828164,-82.3829395,38.4232993
154828188,-82.3843972,38.4211701
154828295,-82.4109463,38.4199655
154828305,-82.4076302,38.4213393
154828309,-82.4284423,38.4167558
154828311,-82.421154,38.4180249
154828313,-82.4177392,38.4186192
154828315,-82.4160018,38.4189226
154828317,-82.4109028,38.4198124
154828333,-82.4234381,38.4048645
154829472,-82.4088201,38.4144542
154829628,-82.40444,38.4108115
154829631,-82.4054121,38.4082245
154830621,-82.4245955,38.4058366
154831309,-82.4679006,38.4025503
154831342,-82.3766799,38.431085
154831347,-82.3764492,38.4292423
154831364,-82.3842444,38.4211297
154831377,-82.3826015,38.4210876
154831446,-82.3771285,38.4240107
154831563,-82.4273092,38.397734
154831596,-82.4671474,38.4135126
154831698,-82.4376409,38.4244057
154831701,-82.4369927,38.4219897
154831703,-82.4357054,38.4173558
154831705,-82.4353807,38.4162523
154831710,-82.4346082,38.4135742
154831716,-82.4328612,38.4082586
154831749,-82.4614497,38.399485
154831784,-82.4439499,38.4207783
154831787,-82.442569,38.4160952
154831797,-82.4422646,38.4150531
154831799,-82.4415139,38.4123748
154831801,-82.4411353,38.4110269
154831818,-82.4106125,38.4016569
154831830,-82.4104596,38.4007226
154832413,-82.4828918,38.3982691
154832423,-82.3820353,38.4280729
154832569,-82.4222988,38.4028491
154832571,-82.4221627,38.4030636
154832584,-82.4216464,38.4042465
154832775,-82.42576,38.3924662
154835527,-82.3950294,38.4271904
154835592,-82.397222,38.419472
154836286,-82.3823521,38.4107721
154836312,-82.388391,38.4125943
154836318,-82.3894069,38.4140292
154836721,-82.4223384,38.4222732
154836798,-82.4752182,38.4056894
154836805,-82.4779924,38.4116499
154836807,-82.4778772,38.4113764
154836809,-82.4775963,38.4107299
154836811,-82.476727,38.4086961
154836813,-82.4758608,38.406674
154836820,-82.4667799,38.4005597
154837075,-82.3910652,38.4039682
154837076,-82.3911591,38.4031798
154837389,-82.4046811,38.4014635
154838817,-82.3929635,38.4028513
154839500,-82.4237379,38.4056332
154839586,-82.435482,38.4134238
154839735,-82.4318184,38.4140581
154839897,-82.4088527,38.410991
154839899,-82.4095667,38.4113984
154840361,-82.408627,38.4016049
154840386,-82.4198467,38.4056511
154840458,-82.4184951,38.4043859
154840463,-82.4178993,38.4051169
154840511,-82.4920058,38.4078991
154840611,-82.496643,38.4063689
154840616,-82.4949592,38.4068528
154840624,-82.4944711,38.4061356
154841150,-82.399913,38.3911737
154841158,-82.4040058,38.393169
154841187,-82.4280954,38.4045708
154841194,-82.4280824,38.4067992
154841196,-82.4279811,38.4078717
154841197,-82.4282353,38.4091127
154841199,-82.4285366,38.4106393
154841202,-82.4286463,38.4110018
154841228,-82.4294821,38.4097342
154841232,-82.401957,38.4175136
154841234,-82.4014624,38.4170845
154841236,-82.4012388,38.4168941
154841429,-82.4204757,38.4156244
154841434,-82.4031619,38.402793
154841493,-82.4269029,38.3998937
154841532,-82.4264462,38.3953549
154841584,-82.4303274,38.404143
154841594,-82.4298052,38.4033239
154841677,-82.3952548,38.4113632
154841689,-82.4207412,38.4104232
154841755,-82.4400162,38.4035466
154841803,-82.3995071,38.3976636
154842077,-82.3544811,38.4178719
154842509,-82.3769729,38.4123321
154842513,-82.3770171,38.4135763
154843072,-82.4244285,38.4000405
154843080,-82.4262645,38.3985717
154843100,-82.4255323,38.4009927
154843141,-82.4361841,38.3986418
154844077,-82.419348,38.4095299
154844107,-82.4988431,38.4086367
154844112,-82.4977407,38.4063342
154844157,-82.4489647,38.4069511
154844159,-82.4487501,38.4068665
154844618,-82.4602917,38.4199119
154844626,-82.4577487,38.4135989
154844632,-82.455496,38.4076614
154844826,-82.4455436,38.4015634
154844861,-82.4464703,38.3997283
154844871,-82.4464864,38.3996752
154844887,-82.4481885,38.4140197
154844917,-82.3581391,38.4175973
154844987,-82.3861668,38.4234407
154844990,-82.3864236,38.4224635
154845046,-82.478693,38.4044556
154845092,-82.47183,38.3991415
154845174,-82.4677227,38.3951745
154845209,-82.4676881,38.3919332
154845630,-82.4323096,38.4159285
154846084,-82.4014654,38.4326749
154846101,-82.3726404,38.4298332
154846430,-82.3816265,38.4305324
154846432,-82.3814803,38.4293515
154846436,-82.3811115,38.4274877
154846677,-82.4597948,38.4080311
154846698,-82.4729478,38.4129926
154846699,-82.4728324,38.4127167
154846701,-82.4725553,38.4120684
154846705,-82.4716854,38.410035
154847102,-82.391251,38.4132074
154847115,-82.3964846,38.4117236
154847118,-82.4073889,38.4270166
154847367,-82.425961,38.4137843
154847373,-82.4251943,38.4112192
154847380,-82.4720324,38.4162474
154847386,-82.4776429,38.4147926
154847522,-82.4150009,38.4256924
154847524,-82.4109068,38.4264025
154847526,-82.4092018,38.4267003
154847528,-82.4048988,38.4274501
154847530,-82.3955629,38.4290714
154847539,-82.3766262,38.4284091
154847544,-82.3770319,38.4282615
154847546,-82.3786707,38.4276669
154847553,-82.4524019,38.4193061
154847555,-82.4455891,38.42049
154847557,-82.4421753,38.421083
154847559,-82.4386996,38.4216898
154847561,-82.4335869,38.4225823
154847567,-82.4227448,38.4237113
154847569,-82.4193356,38.4243073
154847571,-82.4183963,38.4244707
154847578,-82.3732748,38.4296026
154847749,-82.4500627,38.4052368
154847947,-82.4932346,38.4108504
154848093,-82.3795585,38.4306905
154848097,-82.3792347,38.4281827
154848503,-82.3756083,38.4274221
154848520,-82.3736174,38.428541
154848554,-82.4404847,38.415362
154848556,-82.4398116,38.412668
154848557,-82.4394343,38.4113292
154848585,-82.4507872,38.4135694
154848588,-82.4500315,38.4108824
154848590,-82.4496527,38.4095431
154848748,-82.4050703,38.4044662
154848848,-82.464942,38.4140854
154848849,-82.4705143,38.4126353
154848852,-82.4913507,38.407071
154848853,-82.4938254,38.4063705
154848862,-82.4941269,38.4070758
154849271,-82.3885681,38.407002
154849273,-82.3886995,38.4074151
154849301,-82.3875783,38.4113191
154849308,-82.3850403,38.4058797
154849316,-82.384834,38.4067346
154849572,-82.4708131,38.4133398
154849576,-82.4607836,38.4161897
154849721,-82.4093844,38.4117373
154850268,-82.4603911,38.3922068
154850736,-82.4110836,38.4204724
154850740,-82.4111583,38.418309
154850746,-82.4110678,38.4176621
154850756,-82.4044686,38.4136728
154850763,-82.4111402,38.4334823
154850790,-82.495784,38.4099272
154850846,-82.3857437,38.4211743
154850847,-82.3855298,38.4206259
154850939,-82.3558676,38.4153463
154850944,-82.3557654,38.4158907
154850994,-82.4266624,38.4109626
154850998,-82.4420821,38.4080559
154850999,-82.4352447,38.409212
154852201,-82.4066598,38.4089956
154852206,-82.4081908,38.4099396
154852402,-82.4123693,38.4061813
154852457,-82.4296605,38.410549
154852584,-82.4311086,38.4063715
154852585,-82.4291288,38.4063794
154852598,-82.4380535,38.3982138
154852605,-82.3924077,38.4098216
154852694,-82.3970358,38.407289
154853255,-82.3943684,38.4069253
154853266,-82.396472,38.4069717
154853286,-82.4192365,38.4025492
154853291,-82.421121,38.402767
154853298,-82.4239531,38.4032197
154853311,-82.419302,38.402261
154853348,-82.404255,38.4176906
154853351,-82.4044883,38.4180453
154853652,-82.4922857,38.4111814
154853653,-82.4916336,38.4077345
154854172,-82.3900314,38.4300302
154854204,-82.4432176,38.4120731
154854206,-82.4371675,38.413126
154854208,-82.4363346,38.4132752
154854210,-82.4335048,38.413763
154854212,-82.4660169,38.4072354
154854213,-82.4207123,38.4164684
154854214,-82.4154173,38.4169166
154854215,-82.4171705,38.4166102
154854217,-82.3840304,38.4206595
154854223,-82.4114359,38.4063211
154854240,-82.3843476,38.4019733
154854281,-82.4269746,38.4057572
154854288,-82.4054343,38.4334447
154854838,-82.4054097,38.3979374
154854859,-82.4030169,38.4001317
154854861,-82.4031038,38.4022233
154855324,-82.468889,38.410733
154855326,-82.4696333,38.4105778
154855338,-82.4640726,38.4120623
154855598,-82.3861574,38.420442
154855671,-82.4697314,38.4108019
154855698,-82.4168479,38.4046847
154855845,-82.4708984,38.4135332
154855847,-82.4707918,38.4132928
154855849,-82.4688815,38.4088201
154856191,-82.4097803,38.4119217
154856193,-82.4091997,38.412547
154856197,-82.4162975,38.4200733
154856201,-82.4161718,38.4195923
154856713,-82.4053091,38.4109486
154856715,-82.4061627,38.411076
154856716,-82.4061218,38.4112466
154856726,-82.41101,38.4127431
154857137,-82.4550983,38.40533
154859416,-82.4863963,38.3989201
154859474,-82.424154,38.4287456
154859476,-82.4236065,38.4267777
154859479,-82.4213368,38.4186948
154859485,-82.4202396,38.4147818
154859486,-82.4202098,38.4146756
154859488,-82.4197246,38.4127088
154859540,-82.3839654,38.4204225
154859549,-82.4103731,38.4175714
154859558,-82.457649,38.384448
154859734,-82.4056888,38.4120433
154859862,-82.3933484,38.4150369
154860701,-82.4252379,38.3987582
154861426,-82.4369795,38.4124619
154861443,-82.3720001,38.412516
154861445,-82.3721892,38.4138001
154861911,-82.3754112,38.4270911
154861917,-82.3776408,38.43092
154861961,-82.3995705,38.418723
154862010,-82.4017726,38.4147563
154862032,-82.3953252,38.3994871
154862036,-82.4370846,38.4159537
154862038,-82.4359572,38.411933
154862052,-82.4345411,38.4079037
154862060,-82.4374409,38.4172
154862065,-82.4293077,38.4089217
154862874,-82.3580871,38.4172436
154862893,-82.443974,38.4147569
154862897,-82.4428365,38.4107311
154863856,-82.4256054,38.4056548
154863900,-82.3827973,38.4075653
154867276,-82.4600235,38.3821736
154867603,-82.3974147,38.3996274
154867607,-82.3968554,38.3991303
154867630,-82.396572,38.4007358
154868206,-82.3728121,38.4276737
154868354,-82.3735457,38.4123484
154868392,-82.3594165,38.4149413
154868718,-82.4025786,38.412476
154868727,-82.3889905,38.4030311
154868764,-82.4663801,38.4180642
154868886,-82.3821482,38.4293116
154868910,-82.3991,38.3912227
154869076,-82.391611,38.406371
154869379,-82.4167963,38.4152705
154869386,-82.4158933,38.4154234
154869399,-82.4265194,38.4136875
154869643,-82.4272476,38.4047511
154869902,-82.427334,38.4044625
154869982,-82.4125269,38.4060147
154869985,-82.3961696,38.431219
154869989,-82.3927563,38.4313177
154870146,-82.3970797,38.4129562
154870402,-82.3987968,38.410631
154870412,-82.3805214,38.4305975
154870414,-82.3801895,38.4278765
154870473,-82.4054622,38.4008852
154870568,-82.3747494,38.4313238
154870570,-82.3745994,38.4299463
154870577,-82.4343939,38.4254735
154870581,-82.4322584,38.4178619
154870608,-82.4288535,38.4044178
154870629,-82.4326248,38.4167314
154871792,-82.4013461,38.4185979
154871895,-82.4725682,38.3983693
154871937,-82.4570079,38.4072877
154872356,-82.4299062,38.4041856
154872443,-82.4320435,38.4083963
154872445,-82.4312548,38.4085548
154872530,-82.3886282,38.4107585
154872552,-82.426294,38.41292
154873840,-82.4036957,38.4147185
154873857,-82.4179114,38.4192893
154873940,-82.3822662,38.4304898
154874079,-82.4090312,38.4331766
154874160,-82.4605445,38.4155954
154874642,-82.4366607,38.3970718
154874676,-82.3878908,38.4034701
154874677,-82.3890401,38.4031404
154874699,-82.3694064,38.4163283
154874701,-82.3690664,38.4140912
154874718,-82.4188569,38.4034441
154874825,-82.4028284,38.4350766
154874881,-82.4621599,38.4195443
154874882,-82.4593549,38.4126526
154874887,-82.4592033,38.4122805
154875143,-82.3807206,38.4135074
154875145,-82.3737462,38.4136561
154875310,-82.4047105,38.4152754
154875345,-82.3862486,38.4073121
154875741,-82.4667173,38.4007247
154876058,-82.4044897,38.3995081
154876098,-82.4585225,38.4129515
154876524,-82.3989435,38.4228208
154876570,-82.460408,38.4093624
154876574,-82.4075051,38.4161863
154876576,-82.4070538,38.4165825
154876724,-82.4466215,38.405593
154877726,-82.4612327,38.3997611
156109688,-82.501813,38.4059285
156109692,-82.5037871,38.4053374
156109694,-82.5048237,38.4050179
156109696,-82.505867,38.4046974
156109698,-82.5069255,38.4043773
156109700,-82.5079811,38.4040512
156109702,-82.5090341,38.40373
156109704,-82.5100943,38.4034063
156109706,-82.5111521,38.4030831
156109708,-82.5115614,38.4029559
156109710,-82.5122058,38.4027562
156109712,-82.5132626,38.4024325
156109713,-82.5143166,38.4021097
156109715,-82.5178445,38.4011908
156109716,-82.5202324,38.40069
156109717,-82.522021,38.4002906
156109719,-82.5236998,38.3999348
156109797,-82.5255512,38.4009843
156109799,-82.5254191,38.4005544
156129585,-82.5141699,38.3993846
156129615,-82.5138608,38.3987325
156142732,-82.5093322,38.3990783
156142733,-82.5088994,38.3982155
156144542,-82.5045388,38.4068592
156144566,-82.5100775,38.3988482
156144567,-82.50972,38.3981053
156145594,-82.512063,38.4000158
156145597,-82.5117482,38.3993834
156145701,-82.5055777,38.4065425
156145708,-82.5130108,38.4043846
156146043,-82.5098134,38.4052988
156146644,-82.5165349,38.3989332
156146645,-82.5195531,38.3983278
156146646,-82.5211986,38.3980214
156146648,-82.5220811,38.3978627
156146650,-82.5230758,38.3976862
156146652,-82.5246587,38.3973982
156146662,-82.501621,38.403511
156146663,-82.5037335,38.4028608
156146664,-82.5058513,38.4022141
156146665,-82.5079673,38.4015655
156146667,-82.510077,38.4009136
156146819,-82.5108889,38.4050103
156148825,-82.5060148,38.4025196
156148827,-82.5091152,38.401567
156148829,-82.5102333,38.4012281
156148835,-82.5172236,38.3991439
156148837,-82.5196291,38.3986924
156148839,-82.5232002,38.3980214
156148841,-82.5247224,38.3977369
156148843,-82.526159,38.3974676
156150747,-82.5161279,38.3980377
156150753,-82.5165007,38.3979468
156150755,-82.5160354,38.3973308
156150757,-82.5158921,38.3970203
156151565,-82.5267032,38.4003163
156152041,-82.5233283,38.3984776
156152046,-82.5228576,38.3967935
156154189,-82.5011808,38.402627
156154191,-82.5007342,38.401719
156154195,-82.4999641,38.4001609
156154677,-82.5252273,38.3985778
156154955,-82.5133038,38.3989023
156154956,-82.5129848,38.398255
156154965,-82.4983606,38.4024836
156154967,-82.502848,38.4010695
156154969,-82.5049573,38.4004202
156154971,-82.5070701,38.3997713
156154973,-82.5085676,38.3993139
156154975,-82.5137006,38.3980439
156154977,-82.5144702,38.3978102
156155505,-82.5134127,38.3974615
156155886,-82.5140939,38.4041164
156155949,-82.5207017,38.4023043
156155951,-82.5205542,38.4017131
156155953,-82.5193191,38.3974376
156156245,-82.5218236,38.3969814
156158797,-82.5119327,38.4046695
156158961,-82.5087502,38.405606
156159705,-82.5239606,38.4010815
156161382,-82.5090189,38.4002177
156161384,-82.5081255,38.3984177
156161403,-82.4986615,38.403403
156161408,-82.498123,38.4016329
156161410,-82.4977439,38.4008342
156163857,-82.4975596,38.4018035
156163861,-82.4971613,38.4009974
156164426,-82.5223533,38.4013758
156164480,-82.5075194,38.4006815
156164481,-82.5066281,38.3988775
156164919,-82.5160278,38.4027767
156164923,-82.5181563,38.4022376
156166022,-82.5054046,38.4013306
156166024,-82.5045121,38.3995254
156166144,-82.5135315,38.3995651
156166145,-82.5136664,38.3995362
156167295,-82.5024031,38.4001754
156167972,-82.5162318,38.4033222
156167974,-82.5183246,38.402803
156168409,-82.5209465,38.397147
156168410,-82.5207172,38.396417
156169459,-82.524512,38.3965672
156169464,-82.5162523,38.4033825
156171799,-82.5096349,38.4000294
156173746,-82.5094633,38.4026301
156173747,-82.5126772,38.401628
156174094,-82.5142161,38.3972808
156174187,-82.5151593,38.4037953
156174412,-82.5216707,38.398785
156177278,-82.5032951,38.4019793
156182950,-82.5042531,38.4069438
156182952,-82.5066197,38.4062272
638967882,-82.4816823,38.4061182
638967888,-82.4813148,38.4055171
638967890,-82.4833,38.4101647
638967893,-82.4834036,38.4101363
638967904,-82.4805714,38.4034998
638967905,-82.4803364,38.4032258
638977813,-82.451078,38.4146481
946883442,-82.4173874,38.3933306
946883562,-82.421082,38.3927784
946883580,-82.423411,38.392429
1438425834,-82.4570703,38.384684
1554948448,-82.4663106,38.3828081
1554948449,-82.4620948,38.3827597
1554948472,-82.4580802,38.3833547
1554948488,-82.4634741,38.3838036
1554948491,-82.4574734,38.3838909
1554948525,-82.4651914,38.3844065
1554948544,-82.4639925,38.384724
1554948588,-82.464374,38.3859061
1726103268,-82.4237952,38.3945734
1726103494,-82.4226911,38.3989668
1726103496,-82.4225912,38.3990304
1840739199,-82.484135,38.4107524
1840739203,-82.4836597,38.410878
2075310058,-82.434519,38.407672
2200535111,-82.516059,38.3973819
2200535115,-82.5103122,38.3980729
2200535166,-82.5166731,38.3992676
2200535193,-82.5002909,38.4008242
2200535200,-82.5003579,38.4009596
2200535222,-82.490363,38.4012014
2200535229,-82.5157236,38.4014152
2200535237,-82.515509,38.4015623
2200535250,-82.5092613,38.4019518
2200535255,-82.4966638,38.4021346
2200535262,-82.5102612,38.402503
2200535281,-82.4924889,38.4033595
2200535346,-82.4988498,38.4046574
2200535356,-82.5022287,38.4047956
2200535380,-82.4931957,38.4052733
2200535387,-82.5023085,38.4054283
2200535390,-82.5031742,38.4055234
2200535393,-82.5026009,38.4054977
2200535396,-82.5031266,38.405535
2303848682,-82.4852563,38.4116012
2303848684,-82.4847729,38.4121361
2483963851,-82.4431108,38.4221187
2483963857,-82.444322,38.4224236
2873505503,-82.4390144,38.4228319
2873505506,-82.4380271,38.4230421
2873505508,-82.4372823,38.4230204
2881165045,-82.3880471,38.4202098
3454299622,-82.4377108,38.4232694
3469187815,-82.385224,38.4070972
3469187821,-82.3854366,38.4077661
3545523228,-82.5065595,38.4031681
3545523229,-82.4976465,38.4085929
3545523232,-82.5064401,38.4033625
3545523235,-82.5063024,38.4030606
3545523238,-82.5110503,38.402799
3545523243,-82.5061795,38.4032844
3575010993,-82.3985572,38.3978398
3575010996,-82.3974878,38.3982033
3575010999,-82.3955264,38.39862
3579423280,-82.5008088,38.4079366
3580829458,-82.4186631,38.4221772
3639615314,-82.4837781,38.4131303
3643152820,-82.401986,38.4314813
3643152831,-82.4021012,38.4318797
3703616412,-82.4619868,38.4059049
3703616417,-82.4598769,38.406281
3705319409,-82.4077244,38.4192809
3708265749,-82.50188,38.4040878
3708265751,-82.502289,38.4042381
3708265753,-82.5020007,38.4043258
3992811020,-82.421053,38.4200097
3992811021,-82.4199707,38.4202039
4008291109,-82.4809669,38.4108855
4008291112,-82.4812973,38.4115081
4591252183,-82.4027407,38.3925822
4591252400,-82.4238662,38.3999559
4591252407,-82.4129459,38.3952711
4591252412,-82.4069396,38.3935783
4591252414,-82.4003225,38.3914517
4591252566,-82.4277912,38.4076612
4591252570,-82.4275781,38.4078223
4591252654,-82.4263279,38.4237352
4593440166,-82.3993217,38.3947207
4635055976,-82.4141496,38.4315934
4676927418,-82.5023355,38.4047574
4676927419,-82.5023595,38.4048876
4676927420,-82.5022119,38.4041272
4676927460,-82.5261372,38.3973953
4676927463,-82.5247083,38.3976646
4676927468,-82.5231794,38.3979494
4676927473,-82.519609,38.3986205
4676927480,-82.5166429,38.3991949
4676927482,-82.5172008,38.399073
4676928098,-82.5101968,38.4011546
4676928107,-82.5059754,38.4024501
4676928119,-82.5021905,38.4042896
4676928128,-82.5021623,38.4053931
4676929610,-82.4860922,38.4105835
4676929615,-82.4862796,38.4101878
5130443410,-82.4285391,38.4252403
5221825602,-82.4327123,38.4107747
5221858152,-82.4159374,38.4046633
5223809973,-82.4302316,38.4224423
5269404988,-82.4006786,38.4295195
5284680607,-82.4283995,38.4227635
5284690964,-82.4242677,38.4227712
5296125359,-82.4441206,38.4217013
5296125365,-82.4435186,38.4195231
5296125369,-82.4438148,38.4208014
5296622287,-82.4019805,38.4318907
5296622297,-82.4018726,38.4314986
5296707457,-82.4328634,38.4039444
5296707497,-82.4369538,38.4047946
5296751452,-82.4513396,38.4210696
5296751453,-82.451478,38.4212483
5296770327,-82.4678188,38.4172091
5298584623,-82.392761,38.4245711
5298584669,-82.3928482,38.4222896
5298596838,-82.3920334,38.4222737
5298596839,-82.3920191,38.4222153
5298596840,-82.3921697,38.4222534
5298596841,-82.3921535,38.4221945
5300122753,-82.3974582,38.4230997
5303701043,-82.4374048,38.423574
5303757333,-82.4244651,38.4253813
5305567082,-82.3887397,38.4131549
5305567091,-82.385212,38.4077466
5316800186,-82.4567203,38.3872338
5316800335,-82.4536961,38.3923377
5316800344,-82.4537169,38.3922861
5316800394,-82.4515323,38.3949849
5317171380,-82.4169801,38.4226066
5438703599,-82.4121572,38.4072441
5438705963,-82.411658,38.4097911
5532014169,-82.4522598,38.4216241
5534454688,-82.4537155,38.4075191
5534525550,-82.454411,38.4134732
5534788886,-82.4357739,38.4240005
5536860593,-82.4279824,38.4076531
5543972425,-82.4403228,38.4083643
5543972426,-82.4404423,38.4083435
5543972433,-82.4386233,38.4086699
5543972434,-82.4387505,38.4086472
5543972443,-82.4265091,38.4177931
5544114120,-82.4242919,38.409252
5548164877,-82.4231416,38.409727
5563076954,-82.439984,38.4058429
5574866663,-82.4008331,38.396217
5574866694,-82.407824,38.3938077
5574866699,-82.4070786,38.3933179
5580864939,-82.4374478,38.4143788
5580864940,-82.4371175,38.4131973
5583460873,-82.4288878,38.4045101
5583467500,-82.4280285,38.4044902
5583501549,-82.414851,38.4024483
5583501564,-82.4215483,38.4028744
5583533685,-82.42814,38.4044903
5616304957,-82.4000988,38.4149837
5616305008,-82.3989355,38.4157467
5616315841,-82.3983306,38.4159694
5625729509,-82.4326297,38.4138271
5755088662,-82.4280326,38.4082285
5802033731,-82.3945715,38.4185627
5802033732,-82.3947653,38.4198515
5802033733,-82.3995235,38.4158715
5802485471,-82.4551043,38.4038293
5802485493,-82.4508657,38.4041046
5807177521,-82.4661873,38.4088191
5807177551,-82.4588359,38.4119117
5811275211,-82.4246525,38.3983452
5812930988,-82.4154787,38.4135358
5812931012,-82.4198916,38.413365
5812931019,-82.4196495,38.4107469
5824609593,-82.4620204,38.411286
5824609595,-82.4619158,38.4111509
5824609604,-82.4621209,38.4114838
5824611054,-82.4576832,38.4129169
5834221279,-82.4124171,38.4020084
5837167658,-82.4664856,38.4183684
5837167663,-82.4666505,38.4143828
5837167666,-82.4769431,38.4054208
5842529269,-82.4161552,38.4046504
5847178137,-82.3722338,38.4308022
5847585373,-82.4281161,38.4085928
5847585376,-82.4281225,38.4051156
5866619222,-82.4618553,38.3905262
5866762859,-82.4667008,38.3919493
5868474479,-82.4143139,38.4321708
5938010697,-82.5096148,38.4014133
5938010704,-82.5086041,38.401724
5938010712,-82.5090601,38.4015839
5938010713,-82.5092031,38.4018944
5938010715,-82.5092581,38.4018776
5938010727,-82.5039541,38.4052859
5938010782,-82.5064716,38.4023792
5938010901,-82.5054822,38.4026806
5938010904,-82.5062024,38.4028708
5938020857,-82.5020888,38.4057381
5938020864,-82.5066508,38.4044599
5938020872,-82.5072677,38.4042714
5938020876,-82.506754,38.4040046
5941670366,-82.5162224,38.3976059
5945943571,-82.4807308,38.414057
5947372909,-82.4806306,38.4107211
5947372910,-82.480717,38.4109267
5966787076,-82.4824105,38.4013957
5966870067,-82.4817258,38.4043668
5967849720,-82.4879743,38.4108788
5973115358,-82.3892695,38.4066799
5982286089,-82.4638141,38.4158498
5982286090,-82.4643184,38.4168611
6028640470,-82.4475029,38.3982874
6030870755,-82.4551321,38.4066953
6055508195,-82.4696145,38.4105306
6055518457,-82.4680765,38.4179859
6117209569,-82.4052567,38.4146825
6117209599,-82.4042335,38.4171248
6124416087,-82.4370349,38.4089368
6124416088,-82.4369219,38.4089561
6231375201,-82.4085901,38.4006359
6231378855,-82.413573,38.399052
6248369536,-82.4584188,38.4039517
6249769319,-82.4578253,38.400412
6252584286,-82.4621961,38.3990294
6279630442,-82.5117375,38.4007621
6279630446,-82.5125603,38.4005116
6279630450,-82.5123145,38.4008865
6279630452,-82.5123265,38.4009885
6279630453,-82.5122488,38.4009012
6279631288,-82.5110726,38.4031083
6279631293,-82.511021,38.4022461
6279631296,-82.5109824,38.4027367
6279631311,-82.517815,38.4010962
6279631317,-82.5186861,38.4010216
6279631418,-82.5007483,38.4017509
6279631448,-82.4973699,38.4019559
6279643470,-82.4960042,38.4064859
6292029104,-82.3904222,38.4269115
6292029107,-82.3893653,38.4268402
6300189942,-82.3900595,38.4068671
6300189996,-82.3851818,38.4096571
6300242419,-82.388662,38.402081
6302406378,-82.3828669,38.425602
6302406381,-82.3837307,38.4242822
6302537607,-82.3736503,38.4294965
6302560925,-82.3801743,38.4253062
6311247046,-82.4864895,38.4112734
6311247049,-82.4863447,38.4111737
6311247054,-82.4861797,38.4113553
6311247055,-82.486423,38.4113894
6484564622,-82.4690444,38.4103801
6484564646,-82.4693022,38.4109179
6522283829,-82.4053247,38.4064157
6536150628,-82.3920073,38.385986
6536150629,-82.3893727,38.3847476
6536150632,-82.3888164,38.3853779
6536150656,-82.3929403,38.3865521
6561433332,-82.429265,38.4136394
6561433333,-82.4290455,38.4128645
6618076781,-82.4826574,38.4071206
6813207649,-82.4270952,38.4201396
6875455910,-82.3906011,38.4031403
6977805578,-82.4281411,38.4062029
6977816794,-82.4281538,38.4057756
6996947778,-82.3985814,38.4074713
6996962185,-82.4063191,38.4186544
7012813609,-82.4387505,38.4228766
7018095732,-82.5121226,38.4006449
7018095733,-82.5120885,38.4005756
7018095734,-82.5121907,38.4006241
7018095735,-82.5121577,38.4005543
7018095736,-82.5090284,38.401515
7018095737,-82.509083,38.4014982
7024747738,-82.5260281,38.4013401
7058765384,-82.3585229,38.4172322
7058837687,-82.3566109,38.4152444
7068091230,-82.4008163,38.4090617
7068092893,-82.3907299,38.4066395
7073766343,-82.3688834,38.4128156
7078445466,-82.4508232,38.3957551
7228574788,-82.4387653,38.3937149
7228574807,-82.409089,38.396746
7228574811,-82.3859959,38.4071444
7248392531,-82.4669184,38.3888648
7248392539,-82.4674113,38.3979504
7251468511,-82.394222,38.4243462
7251468521,-82.4049774,38.4243647
7261732367,-82.4996077,38.3994321
7264437422,-82.4600753,38.4124358
7455027485,-82.4453538,38.399153
7556377102,-82.4442981,38.4013466
7632504267,-82.4159108,38.4119766
7632504273,-82.416422,38.4119406
7636728699,-82.403991,38.3996729
7640724822,-82.3984473,38.3904082
7697674876,-82.4099017,38.4207646
7697674877,-82.4100352,38.4212342
7756426277,-82.424329,38.4010466
7756439586,-82.4238678,38.4000852
8069695224,-82.4111933,38.4183164
8461245926,-82.4726255,38.4159844
8491531532,-82.476308,38.4053061
8491531538,-82.4770214,38.4050497
8500123848,-82.4128896,38.4008861
11822577142,-82.4280956,38.4066595
11822577144,-82.4275329,38.4078706
11822577159,-82.4286412,38.4107255
11822646674,-82.4291474,38.413038
13167613295,-82.4140919,38.4264959
13167613297,-82.413925,38.425879
